{
  "target_id": "CHEMBL1075091",
  "tanimoto_summary": {
    "mean_max_sim": 0.6926039368009341,
    "median_max_sim": 0.6933333333333334,
    "pct_test_ge_0.6": 80.64516129032258,
    "pct_test_ge_0.7": 48.38709677419355,
    "pct_test_ge_0.8": 22.58064516129032
  },
  "baseline": {
    "majority_label": 1,
    "test_accuracy": 0.45161290322580644,
    "test_positive_rate": 0.45161290322580644
  },
  "models": {
    "log_reg": {
      "cv_roc_auc": 0.8606060606060606,
      "test_roc_auc": 0.8403361344537814,
      "test_pr_auc": 0.7199071761571761,
      "best_params": {
        "C": 0.1,
        "class_weight": null
      },
      "model_path": "models\\CHEMBL1075091_log_reg_best.pkl",
      "roc_curve": {
        "fpr": [
          0.0,
          0.058823529411764705,
          0.058823529411764705,
          0.11764705882352941,
          0.11764705882352941,
          0.17647058823529413,
          0.17647058823529413,
          0.47058823529411764,
          0.47058823529411764,
          1.0
        ],
        "tpr": [
          0.0,
          0.0,
          0.2857142857142857,
          0.2857142857142857,
          0.35714285714285715,
          0.35714285714285715,
          0.9285714285714286,
          0.9285714285714286,
          1.0,
          1.0
        ]
      },
      "pr_curve": {
        "precision": [
          0.45161290322580644,
          0.4666666666666667,
          0.4827586206896552,
          0.5,
          0.5185185185185185,
          0.5384615384615384,
          0.56,
          0.5833333333333334,
          0.6086956521739131,
          0.6363636363636364,
          0.6190476190476191,
          0.65,
          0.6842105263157895,
          0.7222222222222222,
          0.7647058823529411,
          0.8125,
          0.8,
          0.7857142857142857,
          0.7692307692307693,
          0.75,
          0.7272727272727273,
          0.7,
          0.6666666666666666,
          0.625,
          0.7142857142857143,
          0.6666666666666666,
          0.8,
          0.75,
          0.6666666666666666,
          0.5,
          0.0,
          1.0
        ],
        "recall": [
          1.0,
          1.0,
          1.0,
          1.0,
          1.0,
          1.0,
          1.0,
          1.0,
          1.0,
          1.0,
          0.9285714285714286,
          0.9285714285714286,
          0.9285714285714286,
          0.9285714285714286,
          0.9285714285714286,
          0.9285714285714286,
          0.8571428571428571,
          0.7857142857142857,
          0.7142857142857143,
          0.6428571428571429,
          0.5714285714285714,
          0.5,
          0.42857142857142855,
          0.35714285714285715,
          0.35714285714285715,
          0.2857142857142857,
          0.2857142857142857,
          0.21428571428571427,
          0.14285714285714285,
          0.07142857142857142,
          0.0,
          0.0
        ]
      },
      "confusion_matrix": [
        [
          14,
          3
        ],
        [
          3,
          11
        ]
      ],
      "classification_report": {
        "0": {
          "precision": 0.8235294117647058,
          "recall": 0.8235294117647058,
          "f1-score": 0.8235294117647058,
          "support": 17.0
        },
        "1": {
          "precision": 0.7857142857142857,
          "recall": 0.7857142857142857,
          "f1-score": 0.7857142857142857,
          "support": 14.0
        },
        "accuracy": 0.8064516129032258,
        "macro avg": {
          "precision": 0.8046218487394958,
          "recall": 0.8046218487394958,
          "f1-score": 0.8046218487394958,
          "support": 31.0
        },
        "weighted avg": {
          "precision": 0.8064516129032258,
          "recall": 0.8064516129032258,
          "f1-score": 0.8064516129032258,
          "support": 31.0
        }
      }
    },
    "random_forest": {
      "cv_roc_auc": 0.8890495867768596,
      "test_roc_auc": 0.7815126050420168,
      "test_pr_auc": 0.6415037343608773,
      "best_params": {
        "class_weight": "balanced",
        "max_depth": null,
        "max_features": 0.3,
        "n_estimators": 400
      },
      "model_path": "models\\CHEMBL1075091_random_forest_best.pkl",
      "roc_curve": {
        "fpr": [
          0.0,
          0.058823529411764705,
          0.058823529411764705,
          0.17647058823529413,
          0.17647058823529413,
          0.23529411764705882,
          0.23529411764705882,
          0.29411764705882354,
          0.29411764705882354,
          0.35294117647058826,
          0.35294117647058826,
          0.4117647058823529,
          0.5294117647058824,
          1.0
        ],
        "tpr": [
          0.0,
          0.0,
          0.14285714285714285,
          0.14285714285714285,
          0.2857142857142857,
          0.2857142857142857,
          0.7857142857142857,
          0.7857142857142857,
          0.9285714285714286,
          0.9285714285714286,
          1.0,
          1.0,
          1.0,
          1.0
        ]
      },
      "pr_curve": {
        "precision": [
          0.45161290322580644,
          0.4666666666666667,
          0.4827586206896552,
          0.5,
          0.5185185185185185,
          0.5384615384615384,
          0.56,
          0.5833333333333334,
          0.6086956521739131,
          0.6666666666666666,
          0.7,
          0.6842105263157895,
          0.7222222222222222,
          0.6875,
          0.7333333333333333,
          0.7142857142857143,
          0.6923076923076923,
          0.6666666666666666,
          0.6363636363636364,
          0.6,
          0.5555555555555556,
          0.5,
          0.5714285714285714,
          0.5,
          0.4,
          0.5,
          0.6666666666666666,
          0.5,
          0.0,
          1.0
        ],
        "recall": [
          1.0,
          1.0,
          1.0,
          1.0,
          1.0,
          1.0,
          1.0,
          1.0,
          1.0,
          1.0,
          1.0,
          0.9285714285714286,
          0.9285714285714286,
          0.7857142857142857,
          0.7857142857142857,
          0.7142857142857143,
          0.6428571428571429,
          0.5714285714285714,
          0.5,
          0.42857142857142855,
          0.35714285714285715,
          0.2857142857142857,
          0.2857142857142857,
          0.21428571428571427,
          0.14285714285714285,
          0.14285714285714285,
          0.14285714285714285,
          0.07142857142857142,
          0.0,
          0.0
        ]
      },
      "confusion_matrix": [
        [
          13,
          4
        ],
        [
          4,
          10
        ]
      ],
      "classification_report": {
        "0": {
          "precision": 0.7647058823529411,
          "recall": 0.7647058823529411,
          "f1-score": 0.7647058823529411,
          "support": 17.0
        },
        "1": {
          "precision": 0.7142857142857143,
          "recall": 0.7142857142857143,
          "f1-score": 0.7142857142857143,
          "support": 14.0
        },
        "accuracy": 0.7419354838709677,
        "macro avg": {
          "precision": 0.7394957983193278,
          "recall": 0.7394957983193278,
          "f1-score": 0.7394957983193278,
          "support": 31.0
        },
        "weighted avg": {
          "precision": 0.7419354838709677,
          "recall": 0.7419354838709677,
          "f1-score": 0.7419354838709677,
          "support": 31.0
        }
      }
    },
    "xgboost": {
      "cv_roc_auc": 0.8369146005509641,
      "test_roc_auc": 0.7100840336134453,
      "test_pr_auc": 0.6082298890518095,
      "best_params": {
        "colsample_bytree": 0.8,
        "learning_rate": 0.05,
        "max_depth": 3,
        "subsample": 0.8
      },
      "model_path": "models\\CHEMBL1075091_xgboost_best.pkl",